ID,Wireless MAC,Routing Protocol,Agent + Application,Node Positioning,Flow
1605001,802.15.4,DSDV,UDP + Exponential Traffic,Random,"1 Source, Random Sink"
1605002,802.15.4,DSR,UDP + Exponential Traffic,Grid,Random Source Destination
1605003,802.11,DSR,UDP + Exponential Traffic,Random,Random Source Destination
1605004,802.15.4,AODV,UDP + CBR Traffic,Random,"1 Sink, Random Source"
1605005,802.11,DSR,UDP + CBR Traffic,Random,"1 Source, Random Sink"
1605006,802.15.4,AODV,UDP + Exponential Traffic,Grid,Random Source Destination
1605007,802.11,DSR,UDP + CBR Traffic,Random,"1 Sink, Random Source"
1605008,802.11,DSDV,TCP Tahoe + Telnet,Grid,"1 Source, Random Sink"
1605009,802.15.4,DSR,TCP Tahoe + Telnet,Random,Random Source Destination
1605010,802.15.4,DSR,UDP + Exponential Traffic,Random,Random Source Destination
1605011,802.15.4,AODV,TCP Tahoe + Telnet,Random,Random Source Destination
1605012,802.11,DSDV,TCP Reno + FTP,Random,"1 Source, Random Sink"
1605013,802.15.4,AODV,TCP Reno + FTP,Random,"1 Sink, Random Source"
1605014,802.11,AODV,TCP Tahoe + Telnet,Grid,Random Source Destination
1605015,802.15.4,AODV,UDP + Exponential Traffic,Random,Random Source Destination
1605016,802.15.4,AODV,UDP + Exponential Traffic,Random,"1 Source, Random Sink"
1605017,802.15.4,DSDV,UDP + CBR Traffic,Grid,"1 Sink, Random Source"
1605018,802.15.4,DSDV,TCP Tahoe + Telnet,Random,"1 Source, Random Sink"
1605019,802.11,DSDV,UDP + CBR Traffic,Grid,Random Source Destination
1605020,802.11,AODV,TCP Reno + FTP,Random,"1 Source, Random Sink"
1605021,802.11,DSDV,UDP + CBR Traffic,Grid,"1 Sink, Random Source"
1605022,802.15.4,DSDV,TCP Tahoe + Telnet,Random,Random Source Destination
1605023,802.11,DSDV,UDP + CBR Traffic,Random,"1 Source, Random Sink"
1605024,802.15.4,DSR,UDP + Exponential Traffic,Random,"1 Source, Random Sink"
1605025,802.15.4,AODV,UDP + CBR Traffic,Random,Random Source Destination
1605026,802.15.4,AODV,UDP + Exponential Traffic,Grid,"1 Source, Random Sink"
1605027,802.15.4,DSDV,UDP + CBR Traffic,Grid,Random Source Destination
1605028,802.15.4,DSR,TCP Tahoe + Telnet,Grid,"1 Source, Random Sink"
1605029,802.11,AODV,TCP Tahoe + Telnet,Grid,"1 Source, Random Sink"
1605030,802.11,AODV,UDP + Exponential Traffic,Random,Random Source Destination
1605031,802.15.4,DSDV,TCP Tahoe + Telnet,Grid,"1 Sink, Random Source"
1605032,802.11,DSR,TCP Reno + FTP,Random,Random Source Destination
1605033,802.11,AODV,UDP + Exponential Traffic,Grid,Random Source Destination
1605034,802.11,AODV,TCP Reno + FTP,Grid,"1 Sink, Random Source"
1605035,802.15.4,DSR,TCP Reno + FTP,Grid,Random Source Destination
1605036,802.11,DSDV,UDP + Exponential Traffic,Grid,"1 Source, Random Sink"
1605037,802.15.4,AODV,TCP Tahoe + Telnet,Random,"1 Source, Random Sink"
1605038,802.11,DSDV,TCP Tahoe + Telnet,Grid,"1 Sink, Random Source"
1605039,802.11,DSDV,UDP + Exponential Traffic,Grid,"1 Sink, Random Source"
1605040,802.11,AODV,UDP + CBR Traffic,Grid,Random Source Destination
1605041,802.11,DSDV,TCP Reno + FTP,Grid,"1 Sink, Random Source"
1605042,802.11,DSR,UDP + CBR Traffic,Random,Random Source Destination
1605043,802.15.4,DSDV,UDP + Exponential Traffic,Grid,Random Source Destination
1605044,802.11,AODV,UDP + CBR Traffic,Random,"1 Source, Random Sink"
1605045,802.15.4,AODV,TCP Reno + FTP,Random,Random Source Destination
1605046,802.15.4,DSR,UDP + CBR Traffic,Random,"1 Source, Random Sink"
1605047,802.11,DSR,UDP + Exponential Traffic,Grid,"1 Sink, Random Source"
1605048,802.15.4,DSDV,UDP + Exponential Traffic,Grid,"1 Sink, Random Source"
1605049,802.15.4,DSDV,UDP + CBR Traffic,Random,Random Source Destination
1605050,802.15.4,DSR,TCP Tahoe + Telnet,Random,"1 Sink, Random Source"
1605051,802.15.4,DSDV,TCP Tahoe + Telnet,Grid,Random Source Destination
1605052,802.11,DSDV,TCP Reno + FTP,Grid,Random Source Destination
1605053,802.15.4,DSDV,TCP Tahoe + Telnet,Random,"1 Sink, Random Source"
1605054,802.11,AODV,TCP Reno + FTP,Random,Random Source Destination
1605055,802.15.4,DSDV,TCP Reno + FTP,Random,"1 Source, Random Sink"
1605056,802.11,DSR,UDP + Exponential Traffic,Random,"1 Sink, Random Source"
1605057,802.11,AODV,UDP + CBR Traffic,Random,Random Source Destination
1605058,802.11,DSR,UDP + Exponential Traffic,Random,"1 Source, Random Sink"
1605059,802.15.4,DSR,UDP + CBR Traffic,Grid,Random Source Destination
1605060,802.11,DSR,TCP Reno + FTP,Random,"1 Source, Random Sink"
1605061,802.15.4,DSR,UDP + Exponential Traffic,Random,"1 Sink, Random Source"
1605062,802.15.4,AODV,TCP Tahoe + Telnet,Grid,Random Source Destination
1605063,802.11,AODV,TCP Tahoe + Telnet,Random,"1 Sink, Random Source"
1605064,802.15.4,AODV,TCP Tahoe + Telnet,Grid,"1 Sink, Random Source"
1605065,802.15.4,DSDV,UDP + Exponential Traffic,Grid,"1 Source, Random Sink"
1605066,802.11,AODV,TCP Reno + FTP,Grid,"1 Source, Random Sink"
1605067,802.15.4,AODV,TCP Tahoe + Telnet,Grid,"1 Source, Random Sink"
1605068,802.11,AODV,TCP Tahoe + Telnet,Random,"1 Source, Random Sink"
1605069,802.15.4,AODV,TCP Reno + FTP,Random,"1 Source, Random Sink"
1605070,802.15.4,DSR,TCP Tahoe + Telnet,Grid,Random Source Destination
1605071,802.11,DSDV,UDP + Exponential Traffic,Random,Random Source Destination
1605072,802.15.4,DSDV,UDP + CBR Traffic,Random,"1 Sink, Random Source"
1605073,802.11,AODV,UDP + CBR Traffic,Grid,"1 Sink, Random Source"
1605074,802.11,AODV,TCP Reno + FTP,Grid,Random Source Destination
1605075,802.15.4,DSR,UDP + Exponential Traffic,Grid,"1 Sink, Random Source"
1605076,802.15.4,DSR,UDP + Exponential Traffic,Grid,"1 Source, Random Sink"
1605077,802.15.4,AODV,TCP Reno + FTP,Grid,Random Source Destination
1605078,802.11,AODV,UDP + CBR Traffic,Grid,"1 Source, Random Sink"
1605079,802.15.4,DSR,UDP + CBR Traffic,Random,"1 Sink, Random Source"
1605080,802.15.4,DSR,TCP Reno + FTP,Grid,"1 Source, Random Sink"
1605081,802.15.4,AODV,TCP Tahoe + Telnet,Random,"1 Sink, Random Source"
1605082,802.15.4,DSR,UDP + CBR Traffic,Grid,"1 Sink, Random Source"
1605083,802.11,DSR,UDP + Exponential Traffic,Grid,Random Source Destination
1605084,802.11,DSDV,TCP Reno + FTP,Grid,"1 Source, Random Sink"
1605085,802.15.4,AODV,UDP + CBR Traffic,Grid,"1 Source, Random Sink"
1605086,802.11,AODV,TCP Tahoe + Telnet,Grid,"1 Sink, Random Source"
1605087,802.11,DSDV,TCP Tahoe + Telnet,Random,"1 Sink, Random Source"
1605088,802.11,DSDV,UDP + Exponential Traffic,Grid,Random Source Destination
1605089,802.15.4,DSR,TCP Reno + FTP,Random,"1 Source, Random Sink"
1605090,802.11,DSR,UDP + CBR Traffic,Grid,Random Source Destination
1605091,802.15.4,DSDV,UDP + CBR Traffic,Grid,"1 Source, Random Sink"
1605092,802.11,DSDV,TCP Reno + FTP,Random,Random Source Destination
1605093,802.15.4,DSDV,UDP + CBR Traffic,Random,"1 Source, Random Sink"
1605094,802.11,AODV,TCP Tahoe + Telnet,Random,Random Source Destination
1605095,802.15.4,AODV,UDP + CBR Traffic,Random,"1 Source, Random Sink"
1605096,802.15.4,AODV,TCP Reno + FTP,Grid,"1 Sink, Random Source"
1605097,802.11,DSDV,TCP Tahoe + Telnet,Random,"1 Source, Random Sink"
1605098,802.15.4,DSR,TCP Tahoe + Telnet,Grid,"1 Sink, Random Source"
1605099,802.15.4,AODV,UDP + Exponential Traffic,Grid,"1 Sink, Random Source"
1605100,802.15.4,DSR,TCP Tahoe + Telnet,Random,"1 Source, Random Sink"
1605101,802.15.4,DSDV,TCP Tahoe + Telnet,Grid,"1 Source, Random Sink"
1605102,802.15.4,AODV,TCP Reno + FTP,Grid,"1 Source, Random Sink"
1605103,802.15.4,DSDV,UDP + Exponential Traffic,Random,Random Source Destination
1605104,802.15.4,DSDV,UDP + Exponential Traffic,Random,"1 Sink, Random Source"
1605105,802.15.4,DSDV,TCP Reno + FTP,Grid,"1 Source, Random Sink"
1605106,802.15.4,DSDV,TCP Reno + FTP,Grid,Random Source Destination
1605107,802.15.4,DSDV,TCP Reno + FTP,Random,Random Source Destination
1605108,802.15.4,DSR,TCP Reno + FTP,Random,"1 Sink, Random Source"
1605109,802.11,AODV,UDP + CBR Traffic,Random,"1 Sink, Random Source"
1605110,802.11,DSDV,UDP + Exponential Traffic,Random,"1 Sink, Random Source"
1605111,802.11,AODV,UDP + Exponential Traffic,Random,"1 Sink, Random Source"
1605112,802.15.4,DSDV,TCP Reno + FTP,Random,"1 Sink, Random Source"
1605113,802.11,DSR,UDP + Exponential Traffic,Grid,"1 Source, Random Sink"
1605114,802.11,AODV,TCP Reno + FTP,Random,"1 Sink, Random Source"
1605115,802.11,DSR,UDP + CBR Traffic,Grid,"1 Source, Random Sink"
1605116,802.11,DSDV,UDP + Exponential Traffic,Random,"1 Source, Random Sink"
1605117,802.15.4,DSR,TCP Reno + FTP,Random,Random Source Destination
1605118,802.15.4,AODV,UDP + CBR Traffic,Grid,Random Source Destination
1605119,802.15.4,AODV,UDP + Exponential Traffic,Random,"1 Sink, Random Source"
1605120,802.15.4,DSR,TCP Reno + FTP,Grid,"1 Sink, Random Source"
0505066,802.11,DSDV,TCP Tahoe + Telnet,Random,Random Source Destination
0705071,802.11,AODV,UDP + Exponential Traffic,Grid,"1 Source, Random Sink"
0905081,802.11,DSR,UDP + CBR Traffic,Grid,"1 Sink, Random Source"
1305044,802.11,DSDV,UDP + CBR Traffic,Grid,"1 Source, Random Sink"
1305104,802.11,DSDV,UDP + CBR Traffic,Random,"1 Sink, Random Source"
1305120,802.11,AODV,UDP + Exponential Traffic,Random,"1 Source, Random Sink"
1405040,802.11,DSDV,TCP Reno + FTP,Random,"1 Sink, Random Source"
1405058,802.11,DSDV,UDP + CBR Traffic,Random,Random Source Destination
1405059,802.15.4,AODV,UDP + CBR Traffic,Grid,"1 Sink, Random Source"
1405062,802.11,AODV,UDP + Exponential Traffic,Grid,"1 Sink, Random Source"
1405068,802.11,DSDV,TCP Tahoe + Telnet,Grid,Random Source Destination
1405072,802.15.4,DSR,UDP + CBR Traffic,Random,Random Source Destination
1405081,802.15.4,DSR,UDP + CBR Traffic,Grid,"1 Source, Random Sink"
1505004,802.15.4,DSDV,TCP Reno + FTP,Grid,"1 Sink, Random Source"